"arquivo";"tipo";"texto";"gravado"
"c1-01.mp3";"história cap. 1";"Olá! Eu sou a Pipoca. Hoje vamos viver uma aventura no zoológico! Mas antes, vamos conhecer as letras da história.";""
"c1-02.mp3";"história cap. 1";"Essa é a letra A. Ela faz á, de ARARA!";""
"c1-03.mp3";"história cap. 1";"Essa é a letra O. Ela faz ó, de OVO!";""
"c1-04.mp3";"história cap. 1";"Essa é a letra P. Ela faz p, de PATO!";""
"c1-05.mp3";"história cap. 1";"Essa é a letra G. Ela faz g, de GATO!";""
"c1-06.mp3";"história cap. 1";"Agora você já conhece as letras A, O, P e G. Toque nelas para ouvir de novo. Quando quiser, é só começar a história!";""
"c1-07.mp3";"história cap. 1";"Era uma vez um zoológico muito alegre. Lá morava a Pipoca, uma hamster pequenininha que cuidava de todos os bichos.";""
"c1-08.mp3";"história cap. 1";"Numa noite, começou uma tempestade enorme! O vento soprou tão forte que derrubou as placas com os nomes dos animais.";""
"c1-09.mp3";"história cap. 1";"De manhã, os bichos estavam confusos e se esconderam. Sem as placas, ninguém sabia qual era a sua casa!";""
"c1-10.mp3";"história cap. 1";"A Pipoca achou a primeira placa perto do lago. Mas a primeira letra sumiu! Quem será que mora aqui? Quá, quá, quá!";""
"c1-11.mp3";"história cap. 1";"Qual letra falta para escrever PATO?";""
"c1-12.mp3";"história cap. 1";"É o PATO! Ele saiu de trás da moita batendo as asas, todo feliz.";""
"c1-13.mp3";"história cap. 1";"Depois, a Pipoca achou uma placa em cima do telhado. Miau! Essa placa também está sem a primeira letra.";""
"c1-14.mp3";"história cap. 1";"Qual letra falta para escrever GATO?";""
"c1-15.mp3";"história cap. 1";"Muito bem, é o GATO! Viu só? Trocando uma letrinha só, PATO virou GATO!";""
"c1-16.mp3";"história cap. 1";"Mas o vento ainda não tinha terminado a bagunça! A placa do pato perdeu mais uma letra, lá no finalzinho.";""
"c1-17.mp3";"história cap. 1";"Qual letra falta no final de PATO?";""
"c1-18.mp3";"história cap. 1";"Isso! A placa do pato está consertada de novo.";""
"c1-19.mp3";"história cap. 1";"Faltava só a placa do gato. A letra do meio caiu dentro de uma poça de lama!";""
"c1-20.mp3";"história cap. 1";"Qual letra falta no meio de GATO?";""
"c1-21.mp3";"história cap. 1";"Conseguimos! Todas as placas estão no lugar, e os bichos voltaram para casa.";""
"c1-22.mp3";"história cap. 1";"O pato e o gato ficaram tão felizes que viraram amigos. E o pato disse: obrigado pela ajuda! Quá, quá!";""
"c1-23.mp3";"história cap. 1";"Fim do primeiro capítulo! O pato e o gato vão morar no seu zoológico. Até a próxima aventura!";""
"c2-01.mp3";"história cap. 2";"Oi, sou eu de novo, a Pipoca! Hoje vamos conhecer duas letras novas.";""
"c2-02.mp3";"história cap. 2";"Essa é a letra L. Ela faz l, de LEÃO!";""
"c2-03.mp3";"história cap. 2";"Essa é a letra T. Ela faz t, de TIGRE!";""
"c2-04.mp3";"história cap. 2";"Agora você conhece o L e o T. Toque nelas para ouvir de novo. Quando quiser, é só começar a história!";""
"c2-05.mp3";"história cap. 2";"Todo dia de manhã, o GALO acordava o zoológico cantando: cocoricó! Mas hoje... só silêncio.";""
"c2-06.mp3";"história cap. 2";"A Pipoca foi até o galinheiro ver o que tinha acontecido. A placa estava lá, mas faltava a primeira letra.";""
"c2-07.mp3";"história cap. 2";"Qual letra falta para escrever GALO?";""
"c2-08.mp3";"história cap. 2";"O galinheiro estava vazio! Só tinha umas peninhas e umas pegadas indo em direção à água.";""
"c2-09.mp3";"história cap. 2";"As pegadas levam até uma placa. Qual letra falta para escrever LAGO?";""
"c2-10.mp3";"história cap. 2";"No LAGO, lá estava o galo, sentado ao lado do pato, bem tristinho.";""
"c2-11.mp3";"história cap. 2";"O pato quis animar o amigo e mostrou a placa da casa dele. Mas uma letra tinha sumido!";""
"c2-12.mp3";"história cap. 2";"Qual letra falta no meio de PATO?";""
"c2-13.mp3";"história cap. 2";"Aí o galo contou: depois da tempestade, a placa do galinheiro dizia GATO! Ele achou que tinha perdido a casa para o gato.";""
"c2-14.mp3";"história cap. 2";"A Pipoca correu para arrumar a placa. Olha só: com a letra L, fica GALO. Com a letra T, fica GATO.";""
"c2-15.mp3";"história cap. 2";"Qual letra deixa a placa certinha para o GALO?";""
"c2-16.mp3";"história cap. 2";"Isso! Com o L, a placa diz GALO de novo. E o galo voltou todo feliz para casa.";""
"c2-17.mp3";"história cap. 2";"Na manhã seguinte, ele cantou mais alto do que nunca: cocoricó! O galo vai morar no seu zoológico. Até a próxima aventura!";""
"c3-01.mp3";"história cap. 3";"Oi, sou eu, a Pipoca! Hoje tem letra nova e bicho novo. Vamos conhecer as letras?";""
"c3-02.mp3";"história cap. 3";"Essa é a letra B. Ela faz b, de BALEIA!";""
"c3-03.mp3";"história cap. 3";"Essa é a letra E. Ela faz é, de ELEFANTE!";""
"c3-04.mp3";"história cap. 3";"Essa é a letra D. Ela faz d, de DINOSSAURO!";""
"c3-05.mp3";"história cap. 3";"Agora você conhece o B, o E e o D. Cuidado: o B e o D parecem irmãos, mas a barriguinha fica de lados diferentes! Toque nelas para ouvir de novo.";""
"c3-06.mp3";"história cap. 3";"Lá no fundo do zoológico, perto das árvores, morava um lobo. Todo mundo achava que ele era bravo. Auuuu!";""
"c3-07.mp3";"história cap. 3";"Mas a Pipoca foi conversar com ele e descobriu um segredo: o lobo só queria um amigo para brincar!";""
"c3-08.mp3";"história cap. 3";"Primeiro, ela precisava consertar a placa da casa dele. Faltava uma letra no meio!";""
"c3-09.mp3";"história cap. 3";"Qual letra falta para escrever LOBO?";""
"c3-10.mp3";"história cap. 3";"Isso, é o LOBO! Ele abanou o rabo de tanta alegria.";""
"c3-11.mp3";"história cap. 3";"O lobo queria brincar com o bode. Mas o bode ficou com medo e se escondeu atrás da placa dele. Méééé!";""
"c3-12.mp3";"história cap. 3";"Qual letra falta para escrever BODE?";""
"c3-13.mp3";"história cap. 3";"Muito bem! Mas olha só, a placa do bode ainda está sem uma letra.";""
"c3-14.mp3";"história cap. 3";"Qual letra falta no meio de BODE?";""
"c3-15.mp3";"história cap. 3";"O bode espiou e viu que o lobo tinha trazido uma coisa redonda e colorida para brincar.";""
"c3-16.mp3";"história cap. 3";"Qual letra falta no final de BOLA?";""
"c3-17.mp3";"história cap. 3";"Era uma BOLA! O lobo chutou, o bode cabeceou, e os dois riram muito.";""
"c3-18.mp3";"história cap. 3";"O bode descobriu que o lobo era bonzinho, e agora eles são melhores amigos. O lobo e o bode vão morar no seu zoológico!";""
"c4-01.mp3";"história cap. 4";"Olá! Hoje a aventura é num lugar bem quente. Primeiro, as letras novas!";""
"c4-02.mp3";"história cap. 4";"Essa é a letra C. Ela faz c, de COBRA!";""
"c4-03.mp3";"história cap. 4";"Essa é a letra M. Ela faz mmm, de MACACO!";""
"c4-04.mp3";"história cap. 4";"Agora você conhece o C e o M. Toque nelas para ouvir de novo. Quando quiser, é só começar!";""
"c4-05.mp3";"história cap. 4";"No zoológico morava um macaco muito levado. Ele pulava de galho em galho o dia inteiro! Uh uh ah ah!";""
"c4-06.mp3";"história cap. 4";"Mas numa cambalhota, ele derrubou a placa da casa dele. Vamos consertar?";""
"c4-07.mp3";"história cap. 4";"Qual letra falta para escrever MACACO?";""
"c4-08.mp3";"história cap. 4";"É o MACACO! Ele estava com fome e olhou lá para o alto do coqueiro.";""
"c4-09.mp3";"história cap. 4";"O que tem lá no alto? Qual letra falta para escrever COCO?";""
"c4-10.mp3";"história cap. 4";"O coco estava alto demais! O macaco pulou, pulou, pulou, e não conseguiu pegar.";""
"c4-11.mp3";"história cap. 4";"Aí chegou, bem devagarinho, um bicho alto com uma corcova grandona nas costas.";""
"c4-12.mp3";"história cap. 4";"Qual letra falta no meio de CAMELO?";""
"c4-13.mp3";"história cap. 4";"O camelo disse: suba nas minhas costas, amigo macaco! E o macaco subiu bem no alto da corcova.";""
"c4-14.mp3";"história cap. 4";"Lá de cima, o macaco pegou o coco! Mas quando desceu, viu que a placa dele tinha perdido mais uma letra.";""
"c4-15.mp3";"história cap. 4";"Qual letra falta em MACACO?";""
"c4-16.mp3";"história cap. 4";"O macaco dividiu o coco com o camelo, e os dois fizeram um lanche delicioso. O macaco e o camelo vão morar no seu zoológico!";""
"c5-01.mp3";"história cap. 5";"Oi! Hoje alguém está cozinhando uma coisa bem cheirosa. Mas antes, as letras novas!";""
"c5-02.mp3";"história cap. 5";"Essa é a letra R. Ela faz rrr, de RINOCERONTE!";""
"c5-03.mp3";"história cap. 5";"Essa é a letra S. Ela faz sss, de SAPO!";""
"c5-04.mp3";"história cap. 5";"Agora você conhece o R e o S. Toque nelas para ouvir de novo. Quando quiser, é só começar!";""
"c5-05.mp3";"história cap. 5";"Perto do lago morava um bicho verde que adorava cozinhar. Hoje ele estava mexendo uma panela enorme. Croac!";""
"c5-06.mp3";"história cap. 5";"Qual letra falta para escrever SAPO?";""
"c5-07.mp3";"história cap. 5";"Isso, é o SAPO! E sabe o que ele estava fazendo na panela?";""
"c5-08.mp3";"história cap. 5";"Qual letra falta para escrever SOPA?";""
"c5-09.mp3";"história cap. 5";"Uma SOPA quentinha! Mas o sapo estava tristinho, porque não tinha ninguém para jantar com ele.";""
"c5-10.mp3";"história cap. 5";"De repente, apareceu um bichinho pequeno, de bigodes, farejando o cheirinho da sopa.";""
"c5-11.mp3";"história cap. 5";"Olhe a figura! Qual letra falta para escrever RATO?";""
"c5-12.mp3";"história cap. 5";"É o RATO! Viu só? Com R é RATO, com G é GATO, com P é PATO. Uma letrinha muda tudo!";""
"c5-13.mp3";"história cap. 5";"O sapo convidou o rato para jantar e enfeitou a mesa com uma flor vermelha.";""
"c5-14.mp3";"história cap. 5";"Qual letra falta para escrever ROSA?";""
"c5-15.mp3";"história cap. 5";"O sapo e o rato tomaram sopa e conversaram até a lua aparecer. O sapo e o rato vão morar no seu zoológico!";""
"c6-01.mp3";"história cap. 6";"Oi! Hoje é um dia muito especial: vai ter festa! E para a festa, só falta conhecer mais uma letra.";""
"c6-02.mp3";"história cap. 6";"Essa é a letra V. Ela faz vvv, de VACA!";""
"c6-03.mp3";"história cap. 6";"Cuidado para não confundir o V com o B! Toque na letra para ouvir de novo. Quando quiser, é só começar!";""
"c6-04.mp3";"história cap. 6";"Na fazenda do zoológico moravam uma vaca e um cavalo. Eles resolveram fazer uma festa para todos os amigos! Muuu!";""
"c6-05.mp3";"história cap. 6";"Qual letra falta para escrever VACA?";""
"c6-06.mp3";"história cap. 6";"Muito bem! Agora a placa do cavalo. Ele relinchou de alegria: iiirrííí!";""
"c6-07.mp3";"história cap. 6";"Qual letra falta em CAVALO?";""
"c6-08.mp3";"história cap. 6";"Para fazer o bolo da festa, eles precisavam de uma coisa que as galinhas guardam no ninho.";""
"c6-09.mp3";"história cap. 6";"Qual letra falta para escrever OVO?";""
"c6-10.mp3";"história cap. 6";"Com os ovos, eles fizeram um bolo enorme! E em cima do bolo, colocaram uma coisa que acende.";""
"c6-11.mp3";"história cap. 6";"Qual letra falta para escrever VELA?";""
"c6-12.mp3";"história cap. 6";"Todos os amigos chegaram: o pato, o gato, o galo, o lobo, o bode, o macaco, o camelo, o sapo e o rato!";""
"c6-13.mp3";"história cap. 6";"Mas com tanta dança, a placa do cavalo caiu de novo. Falta a última letra!";""
"c6-14.mp3";"história cap. 6";"Qual letra falta no final de CAVALO?";""
"c6-15.mp3";"história cap. 6";"Todo mundo cantou, dançou e comeu bolo. A Pipoca agradeceu a sua ajuda, porque sem você as placas nunca seriam consertadas! A vaca e o cavalo vão morar no seu zoológico. Parabéns, você completou todas as aventuras!";""
"g01.mp3";"acerto/erro das histórias";"Isso!";""
"g02.mp3";"acerto/erro das histórias";"Muito bem!";""
"g03.mp3";"acerto/erro das histórias";"Arrasou!";""
"g04.mp3";"acerto/erro das histórias";"Quase! Tenta de novo.";""
"g05.mp3";"acerto/erro das histórias";"Hmm, escuta outra vez e tenta de novo.";""
"geral-oi.mp3";"frase de jogo";"Oi! Eu sou a Pipoca. Escolha um jogo para a gente brincar!";""
"geral-isso.mp3";"frase de jogo";"Isso!";""
"geral-quase.mp3";"frase de jogo";"Quase!";""
"geral-opa.mp3";"frase de jogo";"Opa!";""
"geral-tenta-de-novo.mp3";"frase de jogo";"Tenta de novo!";""
"geral-escuta.mp3";"frase de jogo";"Escuta:";""
"geral-escuta-de-novo.mp3";"frase de jogo";"Escuta de novo:";""
"geral-esse-e-o.mp3";"frase de jogo";"Esse é o";""
"geral-essa-e-a.mp3";"frase de jogo";"Essa é a";""
"geral-essa-e-a-letra.mp3";"frase de jogo";"Essa é a letra";""
"geral-procure-o.mp3";"frase de jogo";"Procure o";""
"geral-agora-e-o.mp3";"frase de jogo";"Ainda não! Agora é o";""
"geral-de.mp3";"frase de jogo";"de";""
"geral-e.mp3";"frase de jogo";"e";""
"geral-na-ordem.mp3";"frase de jogo";"na ordem!";""
"elogio-1.mp3";"frase de jogo";"Muito bem!";""
"elogio-2.mp3";"frase de jogo";"Isso aí!";""
"elogio-3.mp3";"frase de jogo";"Uau, mandou bem!";""
"elogio-4.mp3";"frase de jogo";"Arrasou!";""
"elogio-5.mp3";"frase de jogo";"Perfeito!";""
"premio-ganhou-o.mp3";"frase de jogo";"Parabéns! Você ganhou o";""
"premio-ganhou-a.mp3";"frase de jogo";"Parabéns! Você ganhou a";""
"premio-mora-ele.mp3";"frase de jogo";"Ele vai morar no seu zoológico.";""
"premio-mora-ela.mp3";"frase de jogo";"Ela vai morar no seu zoológico.";""
"premio-completo.mp3";"frase de jogo";"Parabéns! Você já tem todos os bichinhos. Ganhou mais uma estrela!";""
"zoo-escondido.mp3";"frase de jogo";"Esse bichinho ainda está escondido. Jogue para descobrir!";""
"hist-fechada.mp3";"frase de jogo";"Essa aventura ainda está fechada. Termine o capítulo anterior primeiro!";""
"menu-monta.mp3";"frase de jogo";"Escolha um tema para montar palavras!";""
"menu-vogais.mp3";"frase de jogo";"Estas são as vogais: a, e, i, o, u. Toque numa delas para ouvir, ou escolha uma brincadeira!";""
"menu-corrida.mp3";"frase de jogo";"Escolha a corrida!";""
"menu-memoria.mp3";"frase de jogo";"Escolha o jogo da memória!";""
"letrinhas-pergunta.mp3";"frase de jogo";"começa com qual letra?";""
"monta-vamos.mp3";"frase de jogo";"Vamos montar:";""
"monta-hmm.mp3";"frase de jogo";"Hmm, escuta:";""
"ler-instrucao.mp3";"frase de jogo";"Leia a palavra e toque no bicho certo.";""
"ligar-instrucao.mp3";"frase de jogo";"Ligue cada vogal ao desenho que começa com ela.";""
"ligar-fim.mp3";"frase de jogo";"Muito bem! Você ligou todas!";""
"baloes-instrucao.mp3";"frase de jogo";"Estoure os balões com a letra";""
"baloes-fim.mp3";"frase de jogo";"Isso! Você achou todos os";""
"caca-instrucao.mp3";"frase de jogo";"Toque em todas as vogais de";""
"caca-nao-vogal.mp3";"frase de jogo";"Essa não é vogal.";""
"caca-nao-vogal-longo.mp3";"frase de jogo";"Essa não é vogal. As vogais são: a, e, i, o, u.";""
"caca-tem-1.mp3";"frase de jogo";"tem uma vogal!";""
"caca-tem-2.mp3";"frase de jogo";"tem duas vogais!";""
"caca-tem-3.mp3";"frase de jogo";"tem três vogais!";""
"caca-tem-4.mp3";"frase de jogo";"tem quatro vogais!";""
"caca-tem-5.mp3";"frase de jogo";"tem cinco vogais!";""
"corrida-vogais.mp3";"frase de jogo";"Pegue as vogais na ordem: a, e, i, o, u!";""
"corrida-so-vogais.mp3";"frase de jogo";"Pegue só as vogais e desvie das outras letras!";""
"corrida-palavra.mp3";"frase de jogo";"Pegue as letras de";""
"corrida-nao-vogal.mp3";"frase de jogo";"não é vogal.";""
"corrida-chegou.mp3";"frase de jogo";"Chegou! Que corrida!";""
"corrida-chegou-palavra.mp3";"frase de jogo";"Chegou! Você formou";""
"tambor-instrucao.mp3";"frase de jogo";"Bata no tambor uma vez para cada pedacinho!";""
"tambor-1.mp3";"frase de jogo";"Um pedacinho!";""
"tambor-2.mp3";"frase de jogo";"Dois pedacinhos!";""
"tambor-3.mp3";"frase de jogo";"Três pedacinhos!";""
"tambor-4.mp3";"frase de jogo";"Quatro pedacinhos!";""
"tambor-demais.mp3";"frase de jogo";"Opa, bateu demais!";""
"tambor-faltou.mp3";"frase de jogo";"Faltou pedacinho!";""
"tambor-de-novo.mp3";"frase de jogo";"Vamos de novo.";""
"tambor-olha.mp3";"frase de jogo";"Olha a Pipoca:";""
"tambor-sua-vez.mp3";"frase de jogo";"Agora é a sua vez!";""
"rima-pergunta.mp3";"frase de jogo";"Rima?";""
"rima-terminam.mp3";"frase de jogo";"terminam igual:";""
"rima-nao-rimam.mp3";"frase de jogo";"não rimam. O final é diferente.";""
"rima-os-dois.mp3";"frase de jogo";"Os dois terminam com";""
"rima-rimam.mp3";"frase de jogo";"Rimam!";""
"rima-diferente.mp3";"frase de jogo";"O final é diferente, então não rimam.";""
"rima-fim-ato.mp3";"frase de jogo";"ato";""
"rima-fim-ao.mp3";"frase de jogo";"ão";""
"rima-fim-elha.mp3";"frase de jogo";"elha";""
"rima-fim-alo.mp3";"frase de jogo";"alo";""
"rima-fim-ota.mp3";"frase de jogo";"ota";""
"rima-fim-eijo.mp3";"frase de jogo";"eijo";""
"rima-fim-ela.mp3";"frase de jogo";"ela";""
"rima-fim-ata.mp3";"frase de jogo";"ata";""
"rima-fim-oco.mp3";"frase de jogo";"oco";""
"alimente-macaco.mp3";"frase de jogo";"O macaco só come coisas que começam com ême. Arraste a comida até ele!";""
"alimente-bode.mp3";"frase de jogo";"O bode só come coisas que começam com bê. Arraste a comida até ele!";""
"alimente-pato.mp3";"frase de jogo";"O pato só come coisas que começam com pê. Arraste a comida até ele!";""
"alimente-lobo.mp3";"frase de jogo";"O lobo só come coisas que começam com éle. Arraste a comida até ele!";""
"alimente-sapo.mp3";"frase de jogo";"O sapo só come coisas que começam com ésse. Arraste a comida até ele!";""
"alimente-so-macaco.mp3";"frase de jogo";"O macaco só come ême!";""
"alimente-so-bode.mp3";"frase de jogo";"O bode só come bê!";""
"alimente-so-pato.mp3";"frase de jogo";"O pato só come pê!";""
"alimente-so-lobo.mp3";"frase de jogo";"O lobo só come éle!";""
"alimente-so-sapo.mp3";"frase de jogo";"O sapo só come ésse!";""
"alimente-cheio-macaco.mp3";"frase de jogo";"O macaco está de barriga cheia!";""
"alimente-cheio-bode.mp3";"frase de jogo";"O bode está de barriga cheia!";""
"alimente-cheio-pato.mp3";"frase de jogo";"O pato está de barriga cheia!";""
"alimente-cheio-lobo.mp3";"frase de jogo";"O lobo está de barriga cheia!";""
"alimente-cheio-sapo.mp3";"frase de jogo";"O sapo está de barriga cheia!";""
"alimente-nham.mp3";"frase de jogo";"Nham!";""
"alimente-eca.mp3";"frase de jogo";"Eca!";""
"alimente-comeca-com.mp3";"frase de jogo";"começa com";""
"memoria-desenho.mp3";"frase de jogo";"Vire as cartas e ache os pares: a letra e o desenho que começa com ela!";""
"memoria-minuscula.mp3";"frase de jogo";"Vire as cartas e ache os pares: a letra grande e a letra pequena!";""
"memoria-fim.mp3";"frase de jogo";"Você achou todos os pares!";""
"trem-monte.mp3";"frase de jogo";"Monte";""
"trem-partir.mp3";"frase de jogo";"nos vagões e faça o trem partir!";""
"trem-piui.mp3";"frase de jogo";"Piuí!";""
"tracar-pinte.mp3";"frase de jogo";"Pinte a letra";""
"tracar-dedo.mp3";"frase de jogo";"com o dedo!";""
"tracar-dentro.mp3";"frase de jogo";"Tenta pintar só dentro da letra!";""
"tracar-fim.mp3";"frase de jogo";"Muito bem! Essa é a letra";""
"pesca-instrucao.mp3";"frase de jogo";"Pesque as letras de";""
"pesca-fim.mp3";"frase de jogo";"Você pescou";""
"palavra-abacaxi.mp3";"palavra";"ABACAXI";""
"palavra-abelha.mp3";"palavra";"ABELHA";""
"palavra-anel.mp3";"palavra";"ANEL";""
"palavra-aranha.mp3";"palavra";"ARANHA";""
"palavra-arara.mp3";"palavra";"ARARA";""
"palavra-aviao.mp3";"palavra";"AVIÃO";""
"palavra-bala.mp3";"palavra";"BALA";""
"palavra-balao.mp3";"palavra";"BALÃO";""
"palavra-banana.mp3";"palavra";"BANANA";""
"palavra-batata.mp3";"palavra";"BATATA";""
"palavra-beijo.mp3";"palavra";"BEIJO";""
"palavra-biscoito.mp3";"palavra";"BISCOITO";""
"palavra-bode.mp3";"palavra";"BODE";""
"palavra-bola.mp3";"palavra";"BOLA";""
"palavra-bolo.mp3";"palavra";"BOLO";""
"palavra-borboleta.mp3";"palavra";"BORBOLETA";""
"palavra-bota.mp3";"palavra";"BOTA";""
"palavra-brocolis.mp3";"palavra";"BRÓCOLIS";""
"palavra-cafe.mp3";"palavra";"CAFÉ";""
"palavra-cama.mp3";"palavra";"CAMA";""
"palavra-camelo.mp3";"palavra";"CAMELO";""
"palavra-caminhao.mp3";"palavra";"CAMINHÃO";""
"palavra-caneta.mp3";"palavra";"CANETA";""
"palavra-casa.mp3";"palavra";"CASA";""
"palavra-cavalo.mp3";"palavra";"CAVALO";""
"palavra-cenoura.mp3";"palavra";"CENOURA";""
"palavra-cobra.mp3";"palavra";"COBRA";""
"palavra-coco.mp3";"palavra";"COCO";""
"palavra-coelho.mp3";"palavra";"COELHO";""
"palavra-coruja.mp3";"palavra";"CORUJA";""
"palavra-dado.mp3";"palavra";"DADO";""
"palavra-dino.mp3";"palavra";"DINO";""
"palavra-elefante.mp3";"palavra";"ELEFANTE";""
"palavra-envelope.mp3";"palavra";"ENVELOPE";""
"palavra-esquilo.mp3";"palavra";"ESQUILO";""
"palavra-estrela.mp3";"palavra";"ESTRELA";""
"palavra-fada.mp3";"palavra";"FADA";""
"palavra-foca.mp3";"palavra";"FOCA";""
"palavra-fogo.mp3";"palavra";"FOGO";""
"palavra-foguete.mp3";"palavra";"FOGUETE";""
"palavra-galinha.mp3";"palavra";"GALINHA";""
"palavra-galo.mp3";"palavra";"GALO";""
"palavra-gato.mp3";"palavra";"GATO";""
"palavra-girafa.mp3";"palavra";"GIRAFA";""
"palavra-gota.mp3";"palavra";"GOTA";""
"palavra-gravata.mp3";"palavra";"GRAVATA";""
"palavra-igreja.mp3";"palavra";"IGREJA";""
"palavra-ilha.mp3";"palavra";"ILHA";""
"palavra-ima.mp3";"palavra";"ÍMÃ";""
"palavra-ioio.mp3";"palavra";"IOIÔ";""
"palavra-jacare.mp3";"palavra";"JACARÉ";""
"palavra-laranja.mp3";"palavra";"LARANJA";""
"palavra-leao.mp3";"palavra";"LEÃO";""
"palavra-leite.mp3";"palavra";"LEITE";""
"palavra-limao.mp3";"palavra";"LIMÃO";""
"palavra-lobo.mp3";"palavra";"LOBO";""
"palavra-lua.mp3";"palavra";"LUA";""
"palavra-lula.mp3";"palavra";"LULA";""
"palavra-maca.mp3";"palavra";"MAÇÃ";""
"palavra-macaco.mp3";"palavra";"MACACO";""
"palavra-mala.mp3";"palavra";"MALA";""
"palavra-manga.mp3";"palavra";"MANGA";""
"palavra-mao.mp3";"palavra";"MÃO";""
"palavra-mel.mp3";"palavra";"MEL";""
"palavra-melancia.mp3";"palavra";"MELANCIA";""
"palavra-milho.mp3";"palavra";"MILHO";""
"palavra-morango.mp3";"palavra";"MORANGO";""
"palavra-moto.mp3";"palavra";"MOTO";""
"palavra-oculos.mp3";"palavra";"ÓCULOS";""
"palavra-onca.mp3";"palavra";"ONÇA";""
"palavra-orelha.mp3";"palavra";"ORELHA";""
"palavra-ovelha.mp3";"palavra";"OVELHA";""
"palavra-ovo.mp3";"palavra";"OVO";""
"palavra-panda.mp3";"palavra";"PANDA";""
"palavra-pao.mp3";"palavra";"PÃO";""
"palavra-pato.mp3";"palavra";"PATO";""
"palavra-pavao.mp3";"palavra";"PAVÃO";""
"palavra-pera.mp3";"palavra";"PERA";""
"palavra-peru.mp3";"palavra";"PERU";""
"palavra-pimenta.mp3";"palavra";"PIMENTA";""
"palavra-pinguim.mp3";"palavra";"PINGUIM";""
"palavra-pipa.mp3";"palavra";"PIPA";""
"palavra-pipoca.mp3";"palavra";"PIPOCA";""
"palavra-pizza.mp3";"palavra";"PIZZA";""
"palavra-polvo.mp3";"palavra";"POLVO";""
"palavra-queijo.mp3";"palavra";"QUEIJO";""
"palavra-rato.mp3";"palavra";"RATO";""
"palavra-salada.mp3";"palavra";"SALADA";""
"palavra-sanduiche.mp3";"palavra";"SANDUÍCHE";""
"palavra-sapato.mp3";"palavra";"SAPATO";""
"palavra-sapo.mp3";"palavra";"SAPO";""
"palavra-sino.mp3";"palavra";"SINO";""
"palavra-sopa.mp3";"palavra";"SOPA";""
"palavra-sorvete.mp3";"palavra";"SORVETE";""
"palavra-suco.mp3";"palavra";"SUCO";""
"palavra-tartaruga.mp3";"palavra";"TARTARUGA";""
"palavra-tigre.mp3";"palavra";"TIGRE";""
"palavra-tomate.mp3";"palavra";"TOMATE";""
"palavra-unha.mp3";"palavra";"UNHA";""
"palavra-unicornio.mp3";"palavra";"UNICÓRNIO";""
"palavra-urso.mp3";"palavra";"URSO";""
"palavra-uva.mp3";"palavra";"UVA";""
"palavra-vaca.mp3";"palavra";"VACA";""
"palavra-vela.mp3";"palavra";"VELA";""
"palavra-zebra.mp3";"palavra";"ZEBRA";""
"silaba-a.mp3";"sílaba";"A";""
"silaba-ao-til.mp3";"sílaba";"ÃO";""
"silaba-ba.mp3";"sílaba";"BA";""
"silaba-be.mp3";"sílaba";"BE";""
"silaba-bo.mp3";"sílaba";"BO";""
"silaba-bor.mp3";"sílaba";"BOR";""
"silaba-bra.mp3";"sílaba";"BRA";""
"silaba-ca.mp3";"sílaba";"CA";""
"silaba-ce.mp3";"sílaba";"CE";""
"silaba-ci.mp3";"sílaba";"CI";""
"silaba-co.mp3";"sílaba";"CO";""
"silaba-da.mp3";"sílaba";"DA";""
"silaba-de.mp3";"sílaba";"DE";""
"silaba-di.mp3";"sílaba";"DI";""
"silaba-do.mp3";"sílaba";"DO";""
"silaba-e.mp3";"sílaba";"E";""
"silaba-fa.mp3";"sílaba";"FA";""
"silaba-fe-agudo.mp3";"sílaba";"FÉ";""
"silaba-fo.mp3";"sílaba";"FO";""
"silaba-ga.mp3";"sílaba";"GA";""
"silaba-gi.mp3";"sílaba";"GI";""
"silaba-go.mp3";"sílaba";"GO";""
"silaba-gre.mp3";"sílaba";"GRE";""
"silaba-gue.mp3";"sílaba";"GUE";""
"silaba-guim.mp3";"sílaba";"GUIM";""
"silaba-ja.mp3";"sílaba";"JA";""
"silaba-la.mp3";"sílaba";"LA";""
"silaba-lan.mp3";"sílaba";"LAN";""
"silaba-le.mp3";"sílaba";"LE";""
"silaba-lei.mp3";"sílaba";"LEI";""
"silaba-lha.mp3";"sílaba";"LHA";""
"silaba-lho.mp3";"sílaba";"LHO";""
"silaba-li.mp3";"sílaba";"LI";""
"silaba-lo.mp3";"sílaba";"LO";""
"silaba-lu.mp3";"sílaba";"LU";""
"silaba-ma.mp3";"sílaba";"MA";""
"silaba-me.mp3";"sílaba";"ME";""
"silaba-mo.mp3";"sílaba";"MO";""
"silaba-na.mp3";"sílaba";"NA";""
"silaba-ne.mp3";"sílaba";"NE";""
"silaba-nha.mp3";"sílaba";"NHA";""
"silaba-no.mp3";"sílaba";"NO";""
"silaba-nou.mp3";"sílaba";"NOU";""
"silaba-o.mp3";"sílaba";"O";""
"silaba-pa.mp3";"sílaba";"PA";""
"silaba-pan.mp3";"sílaba";"PAN";""
"silaba-pe.mp3";"sílaba";"PE";""
"silaba-pi.mp3";"sílaba";"PI";""
"silaba-pin.mp3";"sílaba";"PIN";""
"silaba-po.mp3";"sílaba";"PO";""
"silaba-pol.mp3";"sílaba";"POL";""
"silaba-ra.mp3";"sílaba";"RA";""
"silaba-re-agudo.mp3";"sílaba";"RÉ";""
"silaba-ru.mp3";"sílaba";"RU";""
"silaba-sa.mp3";"sílaba";"SA";""
"silaba-si.mp3";"sílaba";"SI";""
"silaba-su.mp3";"sílaba";"SU";""
"silaba-ta.mp3";"sílaba";"TA";""
"silaba-tar.mp3";"sílaba";"TAR";""
"silaba-te.mp3";"sílaba";"TE";""
"silaba-ti.mp3";"sílaba";"TI";""
"silaba-to.mp3";"sílaba";"TO";""
"silaba-u.mp3";"sílaba";"U";""
"silaba-va.mp3";"sílaba";"VA";""
"silaba-vao-til.mp3";"sílaba";"VÃO";""
"silaba-ve.mp3";"sílaba";"VE";""
"silaba-vo.mp3";"sílaba";"VO";""
"silaba-ze.mp3";"sílaba";"ZE";""
"letra-a.mp3";"letra (nome)";"A (á)";""
"letra-b.mp3";"letra (nome)";"B (bê)";""
"letra-c.mp3";"letra (nome)";"C (cê)";""
"letra-d.mp3";"letra (nome)";"D (dê)";""
"letra-e.mp3";"letra (nome)";"E (é)";""
"letra-f.mp3";"letra (nome)";"F (éfe)";""
"letra-g.mp3";"letra (nome)";"G (gê)";""
"letra-i.mp3";"letra (nome)";"I (i)";""
"letra-j.mp3";"letra (nome)";"J (jóta)";""
"letra-l.mp3";"letra (nome)";"L (éle)";""
"letra-m.mp3";"letra (nome)";"M (ême)";""
"letra-n.mp3";"letra (nome)";"N (ene)";""
"letra-o.mp3";"letra (nome)";"O (ó)";""
"letra-p.mp3";"letra (nome)";"P (pê)";""
"letra-r.mp3";"letra (nome)";"R (érre)";""
"letra-s.mp3";"letra (nome)";"S (ésse)";""
"letra-t.mp3";"letra (nome)";"T (tê)";""
"letra-u.mp3";"letra (nome)";"U (u)";""
"letra-v.mp3";"letra (nome)";"V (vê)";""
"letra-z.mp3";"letra (nome)";"Z (zê)";""